,[W],[Ta],[Tr],[R],total_count,sequence_type,block_number,block_type,R_avg_cluster_size,Ta_avg_cluster_size,Tr_avg_cluster_size,W_avg_cluster_size,num_cluster_types,max_cluster_size,R_no_of_cluster,Ta_no_of_cluster,Tr_no_of_cluster,W_no_of_cluster,R_max_cluster_size,Ta_max_cluster_size,Tr_max_cluster_size,W_max_cluster_size,smiles
0,4.0,4.0,0.0,0.0,8.0,block,2,[W][Ta],0.0,4.0,0.0,4.0,2,4,0.0,1.0,0.0,1.0,0.0,4.0,0.0,4.0,[W][W][W][W][Ta][Ta][Ta][Ta]
1,12.0,4.0,0.0,0.0,16.0,block,2,[W][Ta],0.0,4.0,0.0,12.0,2,12,0.0,1.0,0.0,1.0,0.0,4.0,0.0,12.0,[W][W][W][W][W][W][W][W][W][W][W][W][Ta][Ta][Ta][Ta]
2,4.0,12.0,0.0,0.0,16.0,block,2,[W][Ta],0.0,12.0,0.0,4.0,2,12,0.0,1.0,0.0,1.0,0.0,12.0,0.0,4.0,[W][W][W][W][Ta][Ta][Ta][Ta][Ta][Ta][Ta][Ta][Ta][Ta][Ta][Ta]
3,12.0,12.0,0.0,0.0,24.0,block,2,[W][Ta],0.0,12.0,0.0,12.0,2,12,0.0,1.0,0.0,1.0,0.0,12.0,0.0,12.0,[W][W][W][W][W][W][W][W][W][W][W][W][Ta][Ta][Ta][Ta][Ta][Ta][Ta][Ta][Ta][Ta][Ta][Ta]
4,4.0,0.0,4.0,0.0,8.0,block,2,[W][Tr],0.0,0.0,4.0,4.0,2,4,0.0,0.0,1.0,1.0,0.0,0.0,4.0,4.0,[W][W][W][W][Tr][Tr][Tr][Tr]
5,12.0,0.0,4.0,0.0,16.0,block,2,[W][Tr],0.0,0.0,4.0,12.0,2,12,0.0,0.0,1.0,1.0,0.0,0.0,4.0,12.0,[W][W][W][W][W][W][W][W][W][W][W][W][Tr][Tr][Tr][Tr]
6,4.0,0.0,12.0,0.0,16.0,block,2,[W][Tr],0.0,0.0,12.0,4.0,2,12,0.0,0.0,1.0,1.0,0.0,0.0,12.0,4.0,[W][W][W][W][Tr][Tr][Tr][Tr][Tr][Tr][Tr][Tr][Tr][Tr][Tr][Tr]
7,12.0,0.0,12.0,0.0,24.0,block,2,[W][Tr],0.0,0.0,12.0,12.0,2,12,0.0,0.0,1.0,1.0,0.0,0.0,12.0,12.0,[W][W][W][W][W][W][W][W][W][W][W][W][Tr][Tr][Tr][Tr][Tr][Tr][Tr][Tr][Tr][Tr][Tr][Tr]
8,4.0,0.0,0.0,4.0,8.0,block,2,[W][R],4.0,0.0,0.0,4.0,2,4,1.0,0.0,0.0,1.0,4.0,0.0,0.0,4.0,[W][W][W][W][R][R][R][R]
9,12.0,0.0,0.0,4.0,16.0,block,2,[W][R],4.0,0.0,0.0,12.0,2,12,1.0,0.0,0.0,1.0,4.0,0.0,0.0,12.0,[W][W][W][W][W][W][W][W][W][W][W][W][R][R][R][R]
10,4.0,0.0,0.0,12.0,16.0,block,2,[W][R],12.0,0.0,0.0,4.0,2,12,1.0,0.0,0.0,1.0,12.0,0.0,0.0,4.0,[W][W][W][W][R][R][R][R][R][R][R][R][R][R][R][R]
11,12.0,0.0,0.0,12.0,24.0,block,2,[W][R],12.0,0.0,0.0,12.0,2,12,1.0,0.0,0.0,1.0,12.0,0.0,0.0,12.0,[W][W][W][W][W][W][W][W][W][W][W][W][R][R][R][R][R][R][R][R][R][R][R][R]
12,0.0,4.0,4.0,0.0,8.0,block,2,[Ta][Tr],0.0,4.0,4.0,0.0,2,4,0.0,1.0,1.0,0.0,0.0,4.0,4.0,0.0,[Ta][Ta][Ta][Ta][Tr][Tr][Tr][Tr]
13,0.0,12.0,4.0,0.0,16.0,block,2,[Ta][Tr],0.0,12.0,4.0,0.0,2,12,0.0,1.0,1.0,0.0,0.0,12.0,4.0,0.0,[Ta][Ta][Ta][Ta][Ta][Ta][Ta][Ta][Ta][Ta][Ta][Ta][Tr][Tr][Tr][Tr]
14,0.0,4.0,12.0,0.0,16.0,block,2,[Ta][Tr],0.0,4.0,12.0,0.0,2,12,0.0,1.0,1.0,0.0,0.0,4.0,12.0,0.0,[Ta][Ta][Ta][Ta][Tr][Tr][Tr][Tr][Tr][Tr][Tr][Tr][Tr][Tr][Tr][Tr]
15,0.0,12.0,12.0,0.0,24.0,block,2,[Ta][Tr],0.0,12.0,12.0,0.0,2,12,0.0,1.0,1.0,0.0,0.0,12.0,12.0,0.0,[Ta][Ta][Ta][Ta][Ta][Ta][Ta][Ta][Ta][Ta][Ta][Ta][Tr][Tr][Tr][Tr][Tr][Tr][Tr][Tr][Tr][Tr][Tr][Tr]
16,0.0,4.0,0.0,4.0,8.0,block,2,[Ta][R],4.0,4.0,0.0,0.0,2,4,1.0,1.0,0.0,0.0,4.0,4.0,0.0,0.0,[Ta][Ta][Ta][Ta][R][R][R][R]
17,0.0,12.0,0.0,4.0,16.0,block,2,[Ta][R],4.0,12.0,0.0,0.0,2,12,1.0,1.0,0.0,0.0,4.0,12.0,0.0,0.0,[Ta][Ta][Ta][Ta][Ta][Ta][Ta][Ta][Ta][Ta][Ta][Ta][R][R][R][R]
18,0.0,4.0,0.0,12.0,16.0,block,2,[Ta][R],12.0,4.0,0.0,0.0,2,12,1.0,1.0,0.0,0.0,12.0,4.0,0.0,0.0,[Ta][Ta][Ta][Ta][R][R][R][R][R][R][R][R][R][R][R][R]
19,0.0,12.0,0.0,12.0,24.0,block,2,[Ta][R],12.0,12.0,0.0,0.0,2,12,1.0,1.0,0.0,0.0,12.0,12.0,0.0,0.0,[Ta][Ta][Ta][Ta][Ta][Ta][Ta][Ta][Ta][Ta][Ta][Ta][R][R][R][R][R][R][R][R][R][R][R][R]
20,0.0,0.0,4.0,4.0,8.0,block,2,[Tr][R],4.0,0.0,4.0,0.0,2,4,1.0,0.0,1.0,0.0,4.0,0.0,4.0,0.0,[Tr][Tr][Tr][Tr][R][R][R][R]
21,0.0,0.0,12.0,4.0,16.0,block,2,[Tr][R],4.0,0.0,12.0,0.0,2,12,1.0,0.0,1.0,0.0,4.0,0.0,12.0,0.0,[Tr][Tr][Tr][Tr][Tr][Tr][Tr][Tr][Tr][Tr][Tr][Tr][R][R][R][R]
22,0.0,0.0,4.0,12.0,16.0,block,2,[Tr][R],12.0,0.0,4.0,0.0,2,12,1.0,0.0,1.0,0.0,12.0,0.0,4.0,0.0,[Tr][Tr][Tr][Tr][R][R][R][R][R][R][R][R][R][R][R][R]
23,0.0,0.0,12.0,12.0,24.0,block,2,[Tr][R],12.0,0.0,12.0,0.0,2,12,1.0,0.0,1.0,0.0,12.0,0.0,12.0,0.0,[Tr][Tr][Tr][Tr][Tr][Tr][Tr][Tr][Tr][Tr][Tr][Tr][R][R][R][R][R][R][R][R][R][R][R][R]
24,8.0,4.0,0.0,0.0,12.0,block,3,[W][Ta][W],0.0,4.0,0.0,4.0,2,4,0.0,1.0,0.0,2.0,0.0,4.0,0.0,4.0,[W][W][W][W][Ta][Ta][Ta][Ta][W][W][W][W]
25,16.0,4.0,0.0,0.0,20.0,block,3,[W][Ta][W],0.0,4.0,0.0,8.0,2,12,0.0,1.0,0.0,2.0,0.0,4.0,0.0,12.0,[W][W][W][W][W][W][W][W][W][W][W][W][Ta][Ta][Ta][Ta][W][W][W][W]
26,8.0,12.0,0.0,0.0,20.0,block,3,[W][Ta][W],0.0,12.0,0.0,4.0,2,12,0.0,1.0,0.0,2.0,0.0,12.0,0.0,4.0,[W][W][W][W][Ta][Ta][Ta][Ta][Ta][Ta][Ta][Ta][Ta][Ta][Ta][Ta][W][W][W][W]
27,16.0,12.0,0.0,0.0,28.0,block,3,[W][Ta][W],0.0,12.0,0.0,8.0,2,12,0.0,1.0,0.0,2.0,0.0,12.0,0.0,12.0,[W][W][W][W][W][W][W][W][W][W][W][W][Ta][Ta][Ta][Ta][Ta][Ta][Ta][Ta][Ta][Ta][Ta][Ta][W][W][W][W]
28,16.0,4.0,0.0,0.0,20.0,block,3,[W][Ta][W],0.0,4.0,0.0,8.0,2,12,0.0,1.0,0.0,2.0,0.0,4.0,0.0,12.0,[W][W][W][W][Ta][Ta][Ta][Ta][W][W][W][W][W][W][W][W][W][W][W][W]
29,24.0,4.0,0.0,0.0,28.0,block,3,[W][Ta][W],0.0,4.0,0.0,12.0,2,12,0.0,1.0,0.0,2.0,0.0,4.0,0.0,12.0,[W][W][W][W][W][W][W][W][W][W][W][W][Ta][Ta][Ta][Ta][W][W][W][W][W][W][W][W][W][W][W][W]
30,16.0,12.0,0.0,0.0,28.0,block,3,[W][Ta][W],0.0,12.0,0.0,8.0,2,12,0.0,1.0,0.0,2.0,0.0,12.0,0.0,12.0,[W][W][W][W][Ta][Ta][Ta][Ta][Ta][Ta][Ta][Ta][Ta][Ta][Ta][Ta][W][W][W][W][W][W][W][W][W][W][W][W]
31,24.0,12.0,0.0,0.0,36.0,block,3,[W][Ta][W],0.0,12.0,0.0,12.0,2,12,0.0,1.0,0.0,2.0,0.0,12.0,0.0,12.0,[W][W][W][W][W][W][W][W][W][W][W][W][Ta][Ta][Ta][Ta][Ta][Ta][Ta][Ta][Ta][Ta][Ta][Ta][W][W][W][W][W][W][W][W][W][W][W][W]
32,4.0,4.0,4.0,0.0,12.0,block,3,[W][Ta][Tr],0.0,4.0,4.0,4.0,3,4,0.0,1.0,1.0,1.0,0.0,4.0,4.0,4.0,[W][W][W][W][Ta][Ta][Ta][Ta][Tr][Tr][Tr][Tr]
33,12.0,4.0,4.0,0.0,20.0,block,3,[W][Ta][Tr],0.0,4.0,4.0,12.0,3,12,0.0,1.0,1.0,1.0,0.0,4.0,4.0,12.0,[W][W][W][W][W][W][W][W][W][W][W][W][Ta][Ta][Ta][Ta][Tr][Tr][Tr][Tr]
34,4.0,12.0,4.0,0.0,20.0,block,3,[W][Ta][Tr],0.0,12.0,4.0,4.0,3,12,0.0,1.0,1.0,1.0,0.0,12.0,4.0,4.0,[W][W][W][W][Ta][Ta][Ta][Ta][Ta][Ta][Ta][Ta][Ta][Ta][Ta][Ta][Tr][Tr][Tr][Tr]
35,12.0,12.0,4.0,0.0,28.0,block,3,[W][Ta][Tr],0.0,12.0,4.0,12.0,3,12,0.0,1.0,1.0,1.0,0.0,12.0,4.0,12.0,[W][W][W][W][W][W][W][W][W][W][W][W][Ta][Ta][Ta][Ta][Ta][Ta][Ta][Ta][Ta][Ta][Ta][Ta][Tr][Tr][Tr][Tr]
36,4.0,4.0,12.0,0.0,20.0,block,3,[W][Ta][Tr],0.0,4.0,12.0,4.0,3,12,0.0,1.0,1.0,1.0,0.0,4.0,12.0,4.0,[W][W][W][W][Ta][Ta][Ta][Ta][Tr][Tr][Tr][Tr][Tr][Tr][Tr][Tr][Tr][Tr][Tr][Tr]
37,12.0,4.0,12.0,0.0,28.0,block,3,[W][Ta][Tr],0.0,4.0,12.0,12.0,3,12,0.0,1.0,1.0,1.0,0.0,4.0,12.0,12.0,[W][W][W][W][W][W][W][W][W][W][W][W][Ta][Ta][Ta][Ta][Tr][Tr][Tr][Tr][Tr][Tr][Tr][Tr][Tr][Tr][Tr][Tr]
38,4.0,12.0,12.0,0.0,28.0,block,3,[W][Ta][Tr],0.0,12.0,12.0,4.0,3,12,0.0,1.0,1.0,1.0,0.0,12.0,12.0,4.0,[W][W][W][W][Ta][Ta][Ta][Ta][Ta][Ta][Ta][Ta][Ta][Ta][Ta][Ta][Tr][Tr][Tr][Tr][Tr][Tr][Tr][Tr][Tr][Tr][Tr][Tr]
39,12.0,12.0,12.0,0.0,36.0,block,3,[W][Ta][Tr],0.0,12.0,12.0,12.0,3,12,0.0,1.0,1.0,1.0,0.0,12.0,12.0,12.0,[W][W][W][W][W][W][W][W][W][W][W][W][Ta][Ta][Ta][Ta][Ta][Ta][Ta][Ta][Ta][Ta][Ta][Ta][Tr][Tr][Tr][Tr][Tr][Tr][Tr][Tr][Tr][Tr][Tr][Tr]
40,4.0,4.0,0.0,4.0,12.0,block,3,[W][Ta][R],4.0,4.0,0.0,4.0,3,4,1.0,1.0,0.0,1.0,4.0,4.0,0.0,4.0,[W][W][W][W][Ta][Ta][Ta][Ta][R][R][R][R]
41,12.0,4.0,0.0,4.0,20.0,block,3,[W][Ta][R],4.0,4.0,0.0,12.0,3,12,1.0,1.0,0.0,1.0,4.0,4.0,0.0,12.0,[W][W][W][W][W][W][W][W][W][W][W][W][Ta][Ta][Ta][Ta][R][R][R][R]
42,4.0,12.0,0.0,4.0,20.0,block,3,[W][Ta][R],4.0,12.0,0.0,4.0,3,12,1.0,1.0,0.0,1.0,4.0,12.0,0.0,4.0,[W][W][W][W][Ta][Ta][Ta][Ta][Ta][Ta][Ta][Ta][Ta][Ta][Ta][Ta][R][R][R][R]
43,12.0,12.0,0.0,4.0,28.0,block,3,[W][Ta][R],4.0,12.0,0.0,12.0,3,12,1.0,1.0,0.0,1.0,4.0,12.0,0.0,12.0,[W][W][W][W][W][W][W][W][W][W][W][W][Ta][Ta][Ta][Ta][Ta][Ta][Ta][Ta][Ta][Ta][Ta][Ta][R][R][R][R]
44,4.0,4.0,0.0,12.0,20.0,block,3,[W][Ta][R],12.0,4.0,0.0,4.0,3,12,1.0,1.0,0.0,1.0,12.0,4.0,0.0,4.0,[W][W][W][W][Ta][Ta][Ta][Ta][R][R][R][R][R][R][R][R][R][R][R][R]
45,12.0,4.0,0.0,12.0,28.0,block,3,[W][Ta][R],12.0,4.0,0.0,12.0,3,12,1.0,1.0,0.0,1.0,12.0,4.0,0.0,12.0,[W][W][W][W][W][W][W][W][W][W][W][W][Ta][Ta][Ta][Ta][R][R][R][R][R][R][R][R][R][R][R][R]
46,4.0,12.0,0.0,12.0,28.0,block,3,[W][Ta][R],12.0,12.0,0.0,4.0,3,12,1.0,1.0,0.0,1.0,12.0,12.0,0.0,4.0,[W][W][W][W][Ta][Ta][Ta][Ta][Ta][Ta][Ta][Ta][Ta][Ta][Ta][Ta][R][R][R][R][R][R][R][R][R][R][R][R]
47,12.0,12.0,0.0,12.0,36.0,block,3,[W][Ta][R],12.0,12.0,0.0,12.0,3,12,1.0,1.0,0.0,1.0,12.0,12.0,0.0,12.0,[W][W][W][W][W][W][W][W][W][W][W][W][Ta][Ta][Ta][Ta][Ta][Ta][Ta][Ta][Ta][Ta][Ta][Ta][R][R][R][R][R][R][R][R][R][R][R][R]
48,8.0,0.0,4.0,0.0,12.0,block,3,[W][Tr][W],0.0,0.0,4.0,4.0,2,4,0.0,0.0,1.0,2.0,0.0,0.0,4.0,4.0,[W][W][W][W][Tr][Tr][Tr][Tr][W][W][W][W]
49,16.0,0.0,4.0,0.0,20.0,block,3,[W][Tr][W],0.0,0.0,4.0,8.0,2,12,0.0,0.0,1.0,2.0,0.0,0.0,4.0,12.0,[W][W][W][W][W][W][W][W][W][W][W][W][Tr][Tr][Tr][Tr][W][W][W][W]
50,8.0,0.0,12.0,0.0,20.0,block,3,[W][Tr][W],0.0,0.0,12.0,4.0,2,12,0.0,0.0,1.0,2.0,0.0,0.0,12.0,4.0,[W][W][W][W][Tr][Tr][Tr][Tr][Tr][Tr][Tr][Tr][Tr][Tr][Tr][Tr][W][W][W][W]
51,16.0,0.0,12.0,0.0,28.0,block,3,[W][Tr][W],0.0,0.0,12.0,8.0,2,12,0.0,0.0,1.0,2.0,0.0,0.0,12.0,12.0,[W][W][W][W][W][W][W][W][W][W][W][W][Tr][Tr][Tr][Tr][Tr][Tr][Tr][Tr][Tr][Tr][Tr][Tr][W][W][W][W]
52,16.0,0.0,4.0,0.0,20.0,block,3,[W][Tr][W],0.0,0.0,4.0,8.0,2,12,0.0,0.0,1.0,2.0,0.0,0.0,4.0,12.0,[W][W][W][W][Tr][Tr][Tr][Tr][W][W][W][W][W][W][W][W][W][W][W][W]
53,24.0,0.0,4.0,0.0,28.0,block,3,[W][Tr][W],0.0,0.0,4.0,12.0,2,12,0.0,0.0,1.0,2.0,0.0,0.0,4.0,12.0,[W][W][W][W][W][W][W][W][W][W][W][W][Tr][Tr][Tr][Tr][W][W][W][W][W][W][W][W][W][W][W][W]
54,16.0,0.0,12.0,0.0,28.0,block,3,[W][Tr][W],0.0,0.0,12.0,8.0,2,12,0.0,0.0,1.0,2.0,0.0,0.0,12.0,12.0,[W][W][W][W][Tr][Tr][Tr][Tr][Tr][Tr][Tr][Tr][Tr][Tr][Tr][Tr][W][W][W][W][W][W][W][W][W][W][W][W]
55,24.0,0.0,12.0,0.0,36.0,block,3,[W][Tr][W],0.0,0.0,12.0,12.0,2,12,0.0,0.0,1.0,2.0,0.0,0.0,12.0,12.0,[W][W][W][W][W][W][W][W][W][W][W][W][Tr][Tr][Tr][Tr][Tr][Tr][Tr][Tr][Tr][Tr][Tr][Tr][W][W][W][W][W][W][W][W][W][W][W][W]
56,4.0,4.0,4.0,0.0,12.0,block,3,[W][Tr][Ta],0.0,4.0,4.0,4.0,3,4,0.0,1.0,1.0,1.0,0.0,4.0,4.0,4.0,[W][W][W][W][Tr][Tr][Tr][Tr][Ta][Ta][Ta][Ta]
57,12.0,4.0,4.0,0.0,20.0,block,3,[W][Tr][Ta],0.0,4.0,4.0,12.0,3,12,0.0,1.0,1.0,1.0,0.0,4.0,4.0,12.0,[W][W][W][W][W][W][W][W][W][W][W][W][Tr][Tr][Tr][Tr][Ta][Ta][Ta][Ta]
58,4.0,4.0,12.0,0.0,20.0,block,3,[W][Tr][Ta],0.0,4.0,12.0,4.0,3,12,0.0,1.0,1.0,1.0,0.0,4.0,12.0,4.0,[W][W][W][W][Tr][Tr][Tr][Tr][Tr][Tr][Tr][Tr][Tr][Tr][Tr][Tr][Ta][Ta][Ta][Ta]
59,12.0,4.0,12.0,0.0,28.0,block,3,[W][Tr][Ta],0.0,4.0,12.0,12.0,3,12,0.0,1.0,1.0,1.0,0.0,4.0,12.0,12.0,[W][W][W][W][W][W][W][W][W][W][W][W][Tr][Tr][Tr][Tr][Tr][Tr][Tr][Tr][Tr][Tr][Tr][Tr][Ta][Ta][Ta][Ta]
60,4.0,12.0,4.0,0.0,20.0,block,3,[W][Tr][Ta],0.0,12.0,4.0,4.0,3,12,0.0,1.0,1.0,1.0,0.0,12.0,4.0,4.0,[W][W][W][W][Tr][Tr][Tr][Tr][Ta][Ta][Ta][Ta][Ta][Ta][Ta][Ta][Ta][Ta][Ta][Ta]
61,12.0,12.0,4.0,0.0,28.0,block,3,[W][Tr][Ta],0.0,12.0,4.0,12.0,3,12,0.0,1.0,1.0,1.0,0.0,12.0,4.0,12.0,[W][W][W][W][W][W][W][W][W][W][W][W][Tr][Tr][Tr][Tr][Ta][Ta][Ta][Ta][Ta][Ta][Ta][Ta][Ta][Ta][Ta][Ta]
62,4.0,12.0,12.0,0.0,28.0,block,3,[W][Tr][Ta],0.0,12.0,12.0,4.0,3,12,0.0,1.0,1.0,1.0,0.0,12.0,12.0,4.0,[W][W][W][W][Tr][Tr][Tr][Tr][Tr][Tr][Tr][Tr][Tr][Tr][Tr][Tr][Ta][Ta][Ta][Ta][Ta][Ta][Ta][Ta][Ta][Ta][Ta][Ta]
63,12.0,12.0,12.0,0.0,36.0,block,3,[W][Tr][Ta],0.0,12.0,12.0,12.0,3,12,0.0,1.0,1.0,1.0,0.0,12.0,12.0,12.0,[W][W][W][W][W][W][W][W][W][W][W][W][Tr][Tr][Tr][Tr][Tr][Tr][Tr][Tr][Tr][Tr][Tr][Tr][Ta][Ta][Ta][Ta][Ta][Ta][Ta][Ta][Ta][Ta][Ta][Ta]
64,4.0,0.0,4.0,4.0,12.0,block,3,[W][Tr][R],4.0,0.0,4.0,4.0,3,4,1.0,0.0,1.0,1.0,4.0,0.0,4.0,4.0,[W][W][W][W][Tr][Tr][Tr][Tr][R][R][R][R]
65,12.0,0.0,4.0,4.0,20.0,block,3,[W][Tr][R],4.0,0.0,4.0,12.0,3,12,1.0,0.0,1.0,1.0,4.0,0.0,4.0,12.0,[W][W][W][W][W][W][W][W][W][W][W][W][Tr][Tr][Tr][Tr][R][R][R][R]
66,4.0,0.0,12.0,4.0,20.0,block,3,[W][Tr][R],4.0,0.0,12.0,4.0,3,12,1.0,0.0,1.0,1.0,4.0,0.0,12.0,4.0,[W][W][W][W][Tr][Tr][Tr][Tr][Tr][Tr][Tr][Tr][Tr][Tr][Tr][Tr][R][R][R][R]
67,12.0,0.0,12.0,4.0,28.0,block,3,[W][Tr][R],4.0,0.0,12.0,12.0,3,12,1.0,0.0,1.0,1.0,4.0,0.0,12.0,12.0,[W][W][W][W][W][W][W][W][W][W][W][W][Tr][Tr][Tr][Tr][Tr][Tr][Tr][Tr][Tr][Tr][Tr][Tr][R][R][R][R]
68,4.0,0.0,4.0,12.0,20.0,block,3,[W][Tr][R],12.0,0.0,4.0,4.0,3,12,1.0,0.0,1.0,1.0,12.0,0.0,4.0,4.0,[W][W][W][W][Tr][Tr][Tr][Tr][R][R][R][R][R][R][R][R][R][R][R][R]
69,12.0,0.0,4.0,12.0,28.0,block,3,[W][Tr][R],12.0,0.0,4.0,12.0,3,12,1.0,0.0,1.0,1.0,12.0,0.0,4.0,12.0,[W][W][W][W][W][W][W][W][W][W][W][W][Tr][Tr][Tr][Tr][R][R][R][R][R][R][R][R][R][R][R][R]
70,4.0,0.0,12.0,12.0,28.0,block,3,[W][Tr][R],12.0,0.0,12.0,4.0,3,12,1.0,0.0,1.0,1.0,12.0,0.0,12.0,4.0,[W][W][W][W][Tr][Tr][Tr][Tr][Tr][Tr][Tr][Tr][Tr][Tr][Tr][Tr][R][R][R][R][R][R][R][R][R][R][R][R]
71,12.0,0.0,12.0,12.0,36.0,block,3,[W][Tr][R],12.0,0.0,12.0,12.0,3,12,1.0,0.0,1.0,1.0,12.0,0.0,12.0,12.0,[W][W][W][W][W][W][W][W][W][W][W][W][Tr][Tr][Tr][Tr][Tr][Tr][Tr][Tr][Tr][Tr][Tr][Tr][R][R][R][R][R][R][R][R][R][R][R][R]
72,8.0,0.0,0.0,4.0,12.0,block,3,[W][R][W],4.0,0.0,0.0,4.0,2,4,1.0,0.0,0.0,2.0,4.0,0.0,0.0,4.0,[W][W][W][W][R][R][R][R][W][W][W][W]
73,16.0,0.0,0.0,4.0,20.0,block,3,[W][R][W],4.0,0.0,0.0,8.0,2,12,1.0,0.0,0.0,2.0,4.0,0.0,0.0,12.0,[W][W][W][W][W][W][W][W][W][W][W][W][R][R][R][R][W][W][W][W]
74,8.0,0.0,0.0,12.0,20.0,block,3,[W][R][W],12.0,0.0,0.0,4.0,2,12,1.0,0.0,0.0,2.0,12.0,0.0,0.0,4.0,[W][W][W][W][R][R][R][R][R][R][R][R][R][R][R][R][W][W][W][W]
75,16.0,0.0,0.0,12.0,28.0,block,3,[W][R][W],12.0,0.0,0.0,8.0,2,12,1.0,0.0,0.0,2.0,12.0,0.0,0.0,12.0,[W][W][W][W][W][W][W][W][W][W][W][W][R][R][R][R][R][R][R][R][R][R][R][R][W][W][W][W]
76,16.0,0.0,0.0,4.0,20.0,block,3,[W][R][W],4.0,0.0,0.0,8.0,2,12,1.0,0.0,0.0,2.0,4.0,0.0,0.0,12.0,[W][W][W][W][R][R][R][R][W][W][W][W][W][W][W][W][W][W][W][W]
77,24.0,0.0,0.0,4.0,28.0,block,3,[W][R][W],4.0,0.0,0.0,12.0,2,12,1.0,0.0,0.0,2.0,4.0,0.0,0.0,12.0,[W][W][W][W][W][W][W][W][W][W][W][W][R][R][R][R][W][W][W][W][W][W][W][W][W][W][W][W]
78,16.0,0.0,0.0,12.0,28.0,block,3,[W][R][W],12.0,0.0,0.0,8.0,2,12,1.0,0.0,0.0,2.0,12.0,0.0,0.0,12.0,[W][W][W][W][R][R][R][R][R][R][R][R][R][R][R][R][W][W][W][W][W][W][W][W][W][W][W][W]
79,24.0,0.0,0.0,12.0,36.0,block,3,[W][R][W],12.0,0.0,0.0,12.0,2,12,1.0,0.0,0.0,2.0,12.0,0.0,0.0,12.0,[W][W][W][W][W][W][W][W][W][W][W][W][R][R][R][R][R][R][R][R][R][R][R][R][W][W][W][W][W][W][W][W][W][W][W][W]
80,4.0,4.0,0.0,4.0,12.0,block,3,[W][R][Ta],4.0,4.0,0.0,4.0,3,4,1.0,1.0,0.0,1.0,4.0,4.0,0.0,4.0,[W][W][W][W][R][R][R][R][Ta][Ta][Ta][Ta]
81,12.0,4.0,0.0,4.0,20.0,block,3,[W][R][Ta],4.0,4.0,0.0,12.0,3,12,1.0,1.0,0.0,1.0,4.0,4.0,0.0,12.0,[W][W][W][W][W][W][W][W][W][W][W][W][R][R][R][R][Ta][Ta][Ta][Ta]
82,4.0,4.0,0.0,12.0,20.0,block,3,[W][R][Ta],12.0,4.0,0.0,4.0,3,12,1.0,1.0,0.0,1.0,12.0,4.0,0.0,4.0,[W][W][W][W][R][R][R][R][R][R][R][R][R][R][R][R][Ta][Ta][Ta][Ta]
83,12.0,4.0,0.0,12.0,28.0,block,3,[W][R][Ta],12.0,4.0,0.0,12.0,3,12,1.0,1.0,0.0,1.0,12.0,4.0,0.0,12.0,[W][W][W][W][W][W][W][W][W][W][W][W][R][R][R][R][R][R][R][R][R][R][R][R][Ta][Ta][Ta][Ta]
84,4.0,12.0,0.0,4.0,20.0,block,3,[W][R][Ta],4.0,12.0,0.0,4.0,3,12,1.0,1.0,0.0,1.0,4.0,12.0,0.0,4.0,[W][W][W][W][R][R][R][R][Ta][Ta][Ta][Ta][Ta][Ta][Ta][Ta][Ta][Ta][Ta][Ta]
85,12.0,12.0,0.0,4.0,28.0,block,3,[W][R][Ta],4.0,12.0,0.0,12.0,3,12,1.0,1.0,0.0,1.0,4.0,12.0,0.0,12.0,[W][W][W][W][W][W][W][W][W][W][W][W][R][R][R][R][Ta][Ta][Ta][Ta][Ta][Ta][Ta][Ta][Ta][Ta][Ta][Ta]
86,4.0,12.0,0.0,12.0,28.0,block,3,[W][R][Ta],12.0,12.0,0.0,4.0,3,12,1.0,1.0,0.0,1.0,12.0,12.0,0.0,4.0,[W][W][W][W][R][R][R][R][R][R][R][R][R][R][R][R][Ta][Ta][Ta][Ta][Ta][Ta][Ta][Ta][Ta][Ta][Ta][Ta]
87,12.0,12.0,0.0,12.0,36.0,block,3,[W][R][Ta],12.0,12.0,0.0,12.0,3,12,1.0,1.0,0.0,1.0,12.0,12.0,0.0,12.0,[W][W][W][W][W][W][W][W][W][W][W][W][R][R][R][R][R][R][R][R][R][R][R][R][Ta][Ta][Ta][Ta][Ta][Ta][Ta][Ta][Ta][Ta][Ta][Ta]
88,4.0,0.0,4.0,4.0,12.0,block,3,[W][R][Tr],4.0,0.0,4.0,4.0,3,4,1.0,0.0,1.0,1.0,4.0,0.0,4.0,4.0,[W][W][W][W][R][R][R][R][Tr][Tr][Tr][Tr]
89,12.0,0.0,4.0,4.0,20.0,block,3,[W][R][Tr],4.0,0.0,4.0,12.0,3,12,1.0,0.0,1.0,1.0,4.0,0.0,4.0,12.0,[W][W][W][W][W][W][W][W][W][W][W][W][R][R][R][R][Tr][Tr][Tr][Tr]
90,4.0,0.0,4.0,12.0,20.0,block,3,[W][R][Tr],12.0,0.0,4.0,4.0,3,12,1.0,0.0,1.0,1.0,12.0,0.0,4.0,4.0,[W][W][W][W][R][R][R][R][R][R][R][R][R][R][R][R][Tr][Tr][Tr][Tr]
91,12.0,0.0,4.0,12.0,28.0,block,3,[W][R][Tr],12.0,0.0,4.0,12.0,3,12,1.0,0.0,1.0,1.0,12.0,0.0,4.0,12.0,[W][W][W][W][W][W][W][W][W][W][W][W][R][R][R][R][R][R][R][R][R][R][R][R][Tr][Tr][Tr][Tr]
92,4.0,0.0,12.0,4.0,20.0,block,3,[W][R][Tr],4.0,0.0,12.0,4.0,3,12,1.0,0.0,1.0,1.0,4.0,0.0,12.0,4.0,[W][W][W][W][R][R][R][R][Tr][Tr][Tr][Tr][Tr][Tr][Tr][Tr][Tr][Tr][Tr][Tr]
93,12.0,0.0,12.0,4.0,28.0,block,3,[W][R][Tr],4.0,0.0,12.0,12.0,3,12,1.0,0.0,1.0,1.0,4.0,0.0,12.0,12.0,[W][W][W][W][W][W][W][W][W][W][W][W][R][R][R][R][Tr][Tr][Tr][Tr][Tr][Tr][Tr][Tr][Tr][Tr][Tr][Tr]
94,4.0,0.0,12.0,12.0,28.0,block,3,[W][R][Tr],12.0,0.0,12.0,4.0,3,12,1.0,0.0,1.0,1.0,12.0,0.0,12.0,4.0,[W][W][W][W][R][R][R][R][R][R][R][R][R][R][R][R][Tr][Tr][Tr][Tr][Tr][Tr][Tr][Tr][Tr][Tr][Tr][Tr]
95,12.0,0.0,12.0,12.0,36.0,block,3,[W][R][Tr],12.0,0.0,12.0,12.0,3,12,1.0,0.0,1.0,1.0,12.0,0.0,12.0,12.0,[W][W][W][W][W][W][W][W][W][W][W][W][R][R][R][R][R][R][R][R][R][R][R][R][Tr][Tr][Tr][Tr][Tr][Tr][Tr][Tr][Tr][Tr][Tr][Tr]
96,4.0,8.0,0.0,0.0,12.0,block,3,[Ta][W][Ta],0.0,4.0,0.0,4.0,2,4,0.0,2.0,0.0,1.0,0.0,4.0,0.0,4.0,[Ta][Ta][Ta][Ta][W][W][W][W][Ta][Ta][Ta][Ta]
97,4.0,16.0,0.0,0.0,20.0,block,3,[Ta][W][Ta],0.0,8.0,0.0,4.0,2,12,0.0,2.0,0.0,1.0,0.0,12.0,0.0,4.0,[Ta][Ta][Ta][Ta][Ta][Ta][Ta][Ta][Ta][Ta][Ta][Ta][W][W][W][W][Ta][Ta][Ta][Ta]
98,12.0,8.0,0.0,0.0,20.0,block,3,[Ta][W][Ta],0.0,4.0,0.0,12.0,2,12,0.0,2.0,0.0,1.0,0.0,4.0,0.0,12.0,[Ta][Ta][Ta][Ta][W][W][W][W][W][W][W][W][W][W][W][W][Ta][Ta][Ta][Ta]
99,12.0,16.0,0.0,0.0,28.0,block,3,[Ta][W][Ta],0.0,8.0,0.0,12.0,2,12,0.0,2.0,0.0,1.0,0.0,12.0,0.0,12.0,[Ta][Ta][Ta][Ta][Ta][Ta][Ta][Ta][Ta][Ta][Ta][Ta][W][W][W][W][W][W][W][W][W][W][W][W][Ta][Ta][Ta][Ta]
100,4.0,16.0,0.0,0.0,20.0,block,3,[Ta][W][Ta],0.0,8.0,0.0,4.0,2,12,0.0,2.0,0.0,1.0,0.0,12.0,0.0,4.0,[Ta][Ta][Ta][Ta][W][W][W][W][Ta][Ta][Ta][Ta][Ta][Ta][Ta][Ta][Ta][Ta][Ta][Ta]
101,4.0,24.0,0.0,0.0,28.0,block,3,[Ta][W][Ta],0.0,12.0,0.0,4.0,2,12,0.0,2.0,0.0,1.0,0.0,12.0,0.0,4.0,[Ta][Ta][Ta][Ta][Ta][Ta][Ta][Ta][Ta][Ta][Ta][Ta][W][W][W][W][Ta][Ta][Ta][Ta][Ta][Ta][Ta][Ta][Ta][Ta][Ta][Ta]
102,12.0,16.0,0.0,0.0,28.0,block,3,[Ta][W][Ta],0.0,8.0,0.0,12.0,2,12,0.0,2.0,0.0,1.0,0.0,12.0,0.0,12.0,[Ta][Ta][Ta][Ta][W][W][W][W][W][W][W][W][W][W][W][W][Ta][Ta][Ta][Ta][Ta][Ta][Ta][Ta][Ta][Ta][Ta][Ta]
103,12.0,24.0,0.0,0.0,36.0,block,3,[Ta][W][Ta],0.0,12.0,0.0,12.0,2,12,0.0,2.0,0.0,1.0,0.0,12.0,0.0,12.0,[Ta][Ta][Ta][Ta][Ta][Ta][Ta][Ta][Ta][Ta][Ta][Ta][W][W][W][W][W][W][W][W][W][W][W][W][Ta][Ta][Ta][Ta][Ta][Ta][Ta][Ta][Ta][Ta][Ta][Ta]
104,4.0,4.0,4.0,0.0,12.0,block,3,[Ta][W][Tr],0.0,4.0,4.0,4.0,3,4,0.0,1.0,1.0,1.0,0.0,4.0,4.0,4.0,[Ta][Ta][Ta][Ta][W][W][W][W][Tr][Tr][Tr][Tr]
105,4.0,12.0,4.0,0.0,20.0,block,3,[Ta][W][Tr],0.0,12.0,4.0,4.0,3,12,0.0,1.0,1.0,1.0,0.0,12.0,4.0,4.0,[Ta][Ta][Ta][Ta][Ta][Ta][Ta][Ta][Ta][Ta][Ta][Ta][W][W][W][W][Tr][Tr][Tr][Tr]
106,12.0,4.0,4.0,0.0,20.0,block,3,[Ta][W][Tr],0.0,4.0,4.0,12.0,3,12,0.0,1.0,1.0,1.0,0.0,4.0,4.0,12.0,[Ta][Ta][Ta][Ta][W][W][W][W][W][W][W][W][W][W][W][W][Tr][Tr][Tr][Tr]
107,12.0,12.0,4.0,0.0,28.0,block,3,[Ta][W][Tr],0.0,12.0,4.0,12.0,3,12,0.0,1.0,1.0,1.0,0.0,12.0,4.0,12.0,[Ta][Ta][Ta][Ta][Ta][Ta][Ta][Ta][Ta][Ta][Ta][Ta][W][W][W][W][W][W][W][W][W][W][W][W][Tr][Tr][Tr][Tr]
108,4.0,4.0,12.0,0.0,20.0,block,3,[Ta][W][Tr],0.0,4.0,12.0,4.0,3,12,0.0,1.0,1.0,1.0,0.0,4.0,12.0,4.0,[Ta][Ta][Ta][Ta][W][W][W][W][Tr][Tr][Tr][Tr][Tr][Tr][Tr][Tr][Tr][Tr][Tr][Tr]
109,4.0,12.0,12.0,0.0,28.0,block,3,[Ta][W][Tr],0.0,12.0,12.0,4.0,3,12,0.0,1.0,1.0,1.0,0.0,12.0,12.0,4.0,[Ta][Ta][Ta][Ta][Ta][Ta][Ta][Ta][Ta][Ta][Ta][Ta][W][W][W][W][Tr][Tr][Tr][Tr][Tr][Tr][Tr][Tr][Tr][Tr][Tr][Tr]
110,12.0,4.0,12.0,0.0,28.0,block,3,[Ta][W][Tr],0.0,4.0,12.0,12.0,3,12,0.0,1.0,1.0,1.0,0.0,4.0,12.0,12.0,[Ta][Ta][Ta][Ta][W][W][W][W][W][W][W][W][W][W][W][W][Tr][Tr][Tr][Tr][Tr][Tr][Tr][Tr][Tr][Tr][Tr][Tr]
111,12.0,12.0,12.0,0.0,36.0,block,3,[Ta][W][Tr],0.0,12.0,12.0,12.0,3,12,0.0,1.0,1.0,1.0,0.0,12.0,12.0,12.0,[Ta][Ta][Ta][Ta][Ta][Ta][Ta][Ta][Ta][Ta][Ta][Ta][W][W][W][W][W][W][W][W][W][W][W][W][Tr][Tr][Tr][Tr][Tr][Tr][Tr][Tr][Tr][Tr][Tr][Tr]
112,4.0,4.0,0.0,4.0,12.0,block,3,[Ta][W][R],4.0,4.0,0.0,4.0,3,4,1.0,1.0,0.0,1.0,4.0,4.0,0.0,4.0,[Ta][Ta][Ta][Ta][W][W][W][W][R][R][R][R]
113,4.0,12.0,0.0,4.0,20.0,block,3,[Ta][W][R],4.0,12.0,0.0,4.0,3,12,1.0,1.0,0.0,1.0,4.0,12.0,0.0,4.0,[Ta][Ta][Ta][Ta][Ta][Ta][Ta][Ta][Ta][Ta][Ta][Ta][W][W][W][W][R][R][R][R]
114,12.0,4.0,0.0,4.0,20.0,block,3,[Ta][W][R],4.0,4.0,0.0,12.0,3,12,1.0,1.0,0.0,1.0,4.0,4.0,0.0,12.0,[Ta][Ta][Ta][Ta][W][W][W][W][W][W][W][W][W][W][W][W][R][R][R][R]
115,12.0,12.0,0.0,4.0,28.0,block,3,[Ta][W][R],4.0,12.0,0.0,12.0,3,12,1.0,1.0,0.0,1.0,4.0,12.0,0.0,12.0,[Ta][Ta][Ta][Ta][Ta][Ta][Ta][Ta][Ta][Ta][Ta][Ta][W][W][W][W][W][W][W][W][W][W][W][W][R][R][R][R]
116,4.0,4.0,0.0,12.0,20.0,block,3,[Ta][W][R],12.0,4.0,0.0,4.0,3,12,1.0,1.0,0.0,1.0,12.0,4.0,0.0,4.0,[Ta][Ta][Ta][Ta][W][W][W][W][R][R][R][R][R][R][R][R][R][R][R][R]
117,4.0,12.0,0.0,12.0,28.0,block,3,[Ta][W][R],12.0,12.0,0.0,4.0,3,12,1.0,1.0,0.0,1.0,12.0,12.0,0.0,4.0,[Ta][Ta][Ta][Ta][Ta][Ta][Ta][Ta][Ta][Ta][Ta][Ta][W][W][W][W][R][R][R][R][R][R][R][R][R][R][R][R]
118,12.0,4.0,0.0,12.0,28.0,block,3,[Ta][W][R],12.0,4.0,0.0,12.0,3,12,1.0,1.0,0.0,1.0,12.0,4.0,0.0,12.0,[Ta][Ta][Ta][Ta][W][W][W][W][W][W][W][W][W][W][W][W][R][R][R][R][R][R][R][R][R][R][R][R]
119,12.0,12.0,0.0,12.0,36.0,block,3,[Ta][W][R],12.0,12.0,0.0,12.0,3,12,1.0,1.0,0.0,1.0,12.0,12.0,0.0,12.0,[Ta][Ta][Ta][Ta][Ta][Ta][Ta][Ta][Ta][Ta][Ta][Ta][W][W][W][W][W][W][W][W][W][W][W][W][R][R][R][R][R][R][R][R][R][R][R][R]
120,0.0,8.0,4.0,0.0,12.0,block,3,[Ta][Tr][Ta],0.0,4.0,4.0,0.0,2,4,0.0,2.0,1.0,0.0,0.0,4.0,4.0,0.0,[Ta][Ta][Ta][Ta][Tr][Tr][Tr][Tr][Ta][Ta][Ta][Ta]
121,0.0,16.0,4.0,0.0,20.0,block,3,[Ta][Tr][Ta],0.0,8.0,4.0,0.0,2,12,0.0,2.0,1.0,0.0,0.0,12.0,4.0,0.0,[Ta][Ta][Ta][Ta][Ta][Ta][Ta][Ta][Ta][Ta][Ta][Ta][Tr][Tr][Tr][Tr][Ta][Ta][Ta][Ta]
122,0.0,8.0,12.0,0.0,20.0,block,3,[Ta][Tr][Ta],0.0,4.0,12.0,0.0,2,12,0.0,2.0,1.0,0.0,0.0,4.0,12.0,0.0,[Ta][Ta][Ta][Ta][Tr][Tr][Tr][Tr][Tr][Tr][Tr][Tr][Tr][Tr][Tr][Tr][Ta][Ta][Ta][Ta]
123,0.0,16.0,12.0,0.0,28.0,block,3,[Ta][Tr][Ta],0.0,8.0,12.0,0.0,2,12,0.0,2.0,1.0,0.0,0.0,12.0,12.0,0.0,[Ta][Ta][Ta][Ta][Ta][Ta][Ta][Ta][Ta][Ta][Ta][Ta][Tr][Tr][Tr][Tr][Tr][Tr][Tr][Tr][Tr][Tr][Tr][Tr][Ta][Ta][Ta][Ta]
124,0.0,16.0,4.0,0.0,20.0,block,3,[Ta][Tr][Ta],0.0,8.0,4.0,0.0,2,12,0.0,2.0,1.0,0.0,0.0,12.0,4.0,0.0,[Ta][Ta][Ta][Ta][Tr][Tr][Tr][Tr][Ta][Ta][Ta][Ta][Ta][Ta][Ta][Ta][Ta][Ta][Ta][Ta]
125,0.0,24.0,4.0,0.0,28.0,block,3,[Ta][Tr][Ta],0.0,12.0,4.0,0.0,2,12,0.0,2.0,1.0,0.0,0.0,12.0,4.0,0.0,[Ta][Ta][Ta][Ta][Ta][Ta][Ta][Ta][Ta][Ta][Ta][Ta][Tr][Tr][Tr][Tr][Ta][Ta][Ta][Ta][Ta][Ta][Ta][Ta][Ta][Ta][Ta][Ta]
126,0.0,16.0,12.0,0.0,28.0,block,3,[Ta][Tr][Ta],0.0,8.0,12.0,0.0,2,12,0.0,2.0,1.0,0.0,0.0,12.0,12.0,0.0,[Ta][Ta][Ta][Ta][Tr][Tr][Tr][Tr][Tr][Tr][Tr][Tr][Tr][Tr][Tr][Tr][Ta][Ta][Ta][Ta][Ta][Ta][Ta][Ta][Ta][Ta][Ta][Ta]
127,0.0,24.0,12.0,0.0,36.0,block,3,[Ta][Tr][Ta],0.0,12.0,12.0,0.0,2,12,0.0,2.0,1.0,0.0,0.0,12.0,12.0,0.0,[Ta][Ta][Ta][Ta][Ta][Ta][Ta][Ta][Ta][Ta][Ta][Ta][Tr][Tr][Tr][Tr][Tr][Tr][Tr][Tr][Tr][Tr][Tr][Tr][Ta][Ta][Ta][Ta][Ta][Ta][Ta][Ta][Ta][Ta][Ta][Ta]
128,0.0,4.0,4.0,4.0,12.0,block,3,[Ta][Tr][R],4.0,4.0,4.0,0.0,3,4,1.0,1.0,1.0,0.0,4.0,4.0,4.0,0.0,[Ta][Ta][Ta][Ta][Tr][Tr][Tr][Tr][R][R][R][R]
129,0.0,12.0,4.0,4.0,20.0,block,3,[Ta][Tr][R],4.0,12.0,4.0,0.0,3,12,1.0,1.0,1.0,0.0,4.0,12.0,4.0,0.0,[Ta][Ta][Ta][Ta][Ta][Ta][Ta][Ta][Ta][Ta][Ta][Ta][Tr][Tr][Tr][Tr][R][R][R][R]
130,0.0,4.0,12.0,4.0,20.0,block,3,[Ta][Tr][R],4.0,4.0,12.0,0.0,3,12,1.0,1.0,1.0,0.0,4.0,4.0,12.0,0.0,[Ta][Ta][Ta][Ta][Tr][Tr][Tr][Tr][Tr][Tr][Tr][Tr][Tr][Tr][Tr][Tr][R][R][R][R]
131,0.0,12.0,12.0,4.0,28.0,block,3,[Ta][Tr][R],4.0,12.0,12.0,0.0,3,12,1.0,1.0,1.0,0.0,4.0,12.0,12.0,0.0,[Ta][Ta][Ta][Ta][Ta][Ta][Ta][Ta][Ta][Ta][Ta][Ta][Tr][Tr][Tr][Tr][Tr][Tr][Tr][Tr][Tr][Tr][Tr][Tr][R][R][R][R]
132,0.0,4.0,4.0,12.0,20.0,block,3,[Ta][Tr][R],12.0,4.0,4.0,0.0,3,12,1.0,1.0,1.0,0.0,12.0,4.0,4.0,0.0,[Ta][Ta][Ta][Ta][Tr][Tr][Tr][Tr][R][R][R][R][R][R][R][R][R][R][R][R]
133,0.0,12.0,4.0,12.0,28.0,block,3,[Ta][Tr][R],12.0,12.0,4.0,0.0,3,12,1.0,1.0,1.0,0.0,12.0,12.0,4.0,0.0,[Ta][Ta][Ta][Ta][Ta][Ta][Ta][Ta][Ta][Ta][Ta][Ta][Tr][Tr][Tr][Tr][R][R][R][R][R][R][R][R][R][R][R][R]
134,0.0,4.0,12.0,12.0,28.0,block,3,[Ta][Tr][R],12.0,4.0,12.0,0.0,3,12,1.0,1.0,1.0,0.0,12.0,4.0,12.0,0.0,[Ta][Ta][Ta][Ta][Tr][Tr][Tr][Tr][Tr][Tr][Tr][Tr][Tr][Tr][Tr][Tr][R][R][R][R][R][R][R][R][R][R][R][R]
135,0.0,12.0,12.0,12.0,36.0,block,3,[Ta][Tr][R],12.0,12.0,12.0,0.0,3,12,1.0,1.0,1.0,0.0,12.0,12.0,12.0,0.0,[Ta][Ta][Ta][Ta][Ta][Ta][Ta][Ta][Ta][Ta][Ta][Ta][Tr][Tr][Tr][Tr][Tr][Tr][Tr][Tr][Tr][Tr][Tr][Tr][R][R][R][R][R][R][R][R][R][R][R][R]
136,0.0,8.0,0.0,4.0,12.0,block,3,[Ta][R][Ta],4.0,4.0,0.0,0.0,2,4,1.0,2.0,0.0,0.0,4.0,4.0,0.0,0.0,[Ta][Ta][Ta][Ta][R][R][R][R][Ta][Ta][Ta][Ta]
137,0.0,16.0,0.0,4.0,20.0,block,3,[Ta][R][Ta],4.0,8.0,0.0,0.0,2,12,1.0,2.0,0.0,0.0,4.0,12.0,0.0,0.0,[Ta][Ta][Ta][Ta][Ta][Ta][Ta][Ta][Ta][Ta][Ta][Ta][R][R][R][R][Ta][Ta][Ta][Ta]
138,0.0,8.0,0.0,12.0,20.0,block,3,[Ta][R][Ta],12.0,4.0,0.0,0.0,2,12,1.0,2.0,0.0,0.0,12.0,4.0,0.0,0.0,[Ta][Ta][Ta][Ta][R][R][R][R][R][R][R][R][R][R][R][R][Ta][Ta][Ta][Ta]
139,0.0,16.0,0.0,12.0,28.0,block,3,[Ta][R][Ta],12.0,8.0,0.0,0.0,2,12,1.0,2.0,0.0,0.0,12.0,12.0,0.0,0.0,[Ta][Ta][Ta][Ta][Ta][Ta][Ta][Ta][Ta][Ta][Ta][Ta][R][R][R][R][R][R][R][R][R][R][R][R][Ta][Ta][Ta][Ta]
140,0.0,16.0,0.0,4.0,20.0,block,3,[Ta][R][Ta],4.0,8.0,0.0,0.0,2,12,1.0,2.0,0.0,0.0,4.0,12.0,0.0,0.0,[Ta][Ta][Ta][Ta][R][R][R][R][Ta][Ta][Ta][Ta][Ta][Ta][Ta][Ta][Ta][Ta][Ta][Ta]
141,0.0,24.0,0.0,4.0,28.0,block,3,[Ta][R][Ta],4.0,12.0,0.0,0.0,2,12,1.0,2.0,0.0,0.0,4.0,12.0,0.0,0.0,[Ta][Ta][Ta][Ta][Ta][Ta][Ta][Ta][Ta][Ta][Ta][Ta][R][R][R][R][Ta][Ta][Ta][Ta][Ta][Ta][Ta][Ta][Ta][Ta][Ta][Ta]
142,0.0,16.0,0.0,12.0,28.0,block,3,[Ta][R][Ta],12.0,8.0,0.0,0.0,2,12,1.0,2.0,0.0,0.0,12.0,12.0,0.0,0.0,[Ta][Ta][Ta][Ta][R][R][R][R][R][R][R][R][R][R][R][R][Ta][Ta][Ta][Ta][Ta][Ta][Ta][Ta][Ta][Ta][Ta][Ta]
143,0.0,24.0,0.0,12.0,36.0,block,3,[Ta][R][Ta],12.0,12.0,0.0,0.0,2,12,1.0,2.0,0.0,0.0,12.0,12.0,0.0,0.0,[Ta][Ta][Ta][Ta][Ta][Ta][Ta][Ta][Ta][Ta][Ta][Ta][R][R][R][R][R][R][R][R][R][R][R][R][Ta][Ta][Ta][Ta][Ta][Ta][Ta][Ta][Ta][Ta][Ta][Ta]
144,0.0,4.0,4.0,4.0,12.0,block,3,[Ta][R][Tr],4.0,4.0,4.0,0.0,3,4,1.0,1.0,1.0,0.0,4.0,4.0,4.0,0.0,[Ta][Ta][Ta][Ta][R][R][R][R][Tr][Tr][Tr][Tr]
145,0.0,12.0,4.0,4.0,20.0,block,3,[Ta][R][Tr],4.0,12.0,4.0,0.0,3,12,1.0,1.0,1.0,0.0,4.0,12.0,4.0,0.0,[Ta][Ta][Ta][Ta][Ta][Ta][Ta][Ta][Ta][Ta][Ta][Ta][R][R][R][R][Tr][Tr][Tr][Tr]
146,0.0,4.0,4.0,12.0,20.0,block,3,[Ta][R][Tr],12.0,4.0,4.0,0.0,3,12,1.0,1.0,1.0,0.0,12.0,4.0,4.0,0.0,[Ta][Ta][Ta][Ta][R][R][R][R][R][R][R][R][R][R][R][R][Tr][Tr][Tr][Tr]
147,0.0,12.0,4.0,12.0,28.0,block,3,[Ta][R][Tr],12.0,12.0,4.0,0.0,3,12,1.0,1.0,1.0,0.0,12.0,12.0,4.0,0.0,[Ta][Ta][Ta][Ta][Ta][Ta][Ta][Ta][Ta][Ta][Ta][Ta][R][R][R][R][R][R][R][R][R][R][R][R][Tr][Tr][Tr][Tr]
148,0.0,4.0,12.0,4.0,20.0,block,3,[Ta][R][Tr],4.0,4.0,12.0,0.0,3,12,1.0,1.0,1.0,0.0,4.0,4.0,12.0,0.0,[Ta][Ta][Ta][Ta][R][R][R][R][Tr][Tr][Tr][Tr][Tr][Tr][Tr][Tr][Tr][Tr][Tr][Tr]
149,0.0,12.0,12.0,4.0,28.0,block,3,[Ta][R][Tr],4.0,12.0,12.0,0.0,3,12,1.0,1.0,1.0,0.0,4.0,12.0,12.0,0.0,[Ta][Ta][Ta][Ta][Ta][Ta][Ta][Ta][Ta][Ta][Ta][Ta][R][R][R][R][Tr][Tr][Tr][Tr][Tr][Tr][Tr][Tr][Tr][Tr][Tr][Tr]
150,0.0,4.0,12.0,12.0,28.0,block,3,[Ta][R][Tr],12.0,4.0,12.0,0.0,3,12,1.0,1.0,1.0,0.0,12.0,4.0,12.0,0.0,[Ta][Ta][Ta][Ta][R][R][R][R][R][R][R][R][R][R][R][R][Tr][Tr][Tr][Tr][Tr][Tr][Tr][Tr][Tr][Tr][Tr][Tr]
151,0.0,12.0,12.0,12.0,36.0,block,3,[Ta][R][Tr],12.0,12.0,12.0,0.0,3,12,1.0,1.0,1.0,0.0,12.0,12.0,12.0,0.0,[Ta][Ta][Ta][Ta][Ta][Ta][Ta][Ta][Ta][Ta][Ta][Ta][R][R][R][R][R][R][R][R][R][R][R][R][Tr][Tr][Tr][Tr][Tr][Tr][Tr][Tr][Tr][Tr][Tr][Tr]
152,4.0,0.0,8.0,0.0,12.0,block,3,[Tr][W][Tr],0.0,0.0,4.0,4.0,2,4,0.0,0.0,2.0,1.0,0.0,0.0,4.0,4.0,[Tr][Tr][Tr][Tr][W][W][W][W][Tr][Tr][Tr][Tr]
153,4.0,0.0,16.0,0.0,20.0,block,3,[Tr][W][Tr],0.0,0.0,8.0,4.0,2,12,0.0,0.0,2.0,1.0,0.0,0.0,12.0,4.0,[Tr][Tr][Tr][Tr][Tr][Tr][Tr][Tr][Tr][Tr][Tr][Tr][W][W][W][W][Tr][Tr][Tr][Tr]
154,12.0,0.0,8.0,0.0,20.0,block,3,[Tr][W][Tr],0.0,0.0,4.0,12.0,2,12,0.0,0.0,2.0,1.0,0.0,0.0,4.0,12.0,[Tr][Tr][Tr][Tr][W][W][W][W][W][W][W][W][W][W][W][W][Tr][Tr][Tr][Tr]
155,12.0,0.0,16.0,0.0,28.0,block,3,[Tr][W][Tr],0.0,0.0,8.0,12.0,2,12,0.0,0.0,2.0,1.0,0.0,0.0,12.0,12.0,[Tr][Tr][Tr][Tr][Tr][Tr][Tr][Tr][Tr][Tr][Tr][Tr][W][W][W][W][W][W][W][W][W][W][W][W][Tr][Tr][Tr][Tr]
156,4.0,0.0,16.0,0.0,20.0,block,3,[Tr][W][Tr],0.0,0.0,8.0,4.0,2,12,0.0,0.0,2.0,1.0,0.0,0.0,12.0,4.0,[Tr][Tr][Tr][Tr][W][W][W][W][Tr][Tr][Tr][Tr][Tr][Tr][Tr][Tr][Tr][Tr][Tr][Tr]
157,4.0,0.0,24.0,0.0,28.0,block,3,[Tr][W][Tr],0.0,0.0,12.0,4.0,2,12,0.0,0.0,2.0,1.0,0.0,0.0,12.0,4.0,[Tr][Tr][Tr][Tr][Tr][Tr][Tr][Tr][Tr][Tr][Tr][Tr][W][W][W][W][Tr][Tr][Tr][Tr][Tr][Tr][Tr][Tr][Tr][Tr][Tr][Tr]
158,12.0,0.0,16.0,0.0,28.0,block,3,[Tr][W][Tr],0.0,0.0,8.0,12.0,2,12,0.0,0.0,2.0,1.0,0.0,0.0,12.0,12.0,[Tr][Tr][Tr][Tr][W][W][W][W][W][W][W][W][W][W][W][W][Tr][Tr][Tr][Tr][Tr][Tr][Tr][Tr][Tr][Tr][Tr][Tr]
159,12.0,0.0,24.0,0.0,36.0,block,3,[Tr][W][Tr],0.0,0.0,12.0,12.0,2,12,0.0,0.0,2.0,1.0,0.0,0.0,12.0,12.0,[Tr][Tr][Tr][Tr][Tr][Tr][Tr][Tr][Tr][Tr][Tr][Tr][W][W][W][W][W][W][W][W][W][W][W][W][Tr][Tr][Tr][Tr][Tr][Tr][Tr][Tr][Tr][Tr][Tr][Tr]
160,4.0,0.0,4.0,4.0,12.0,block,3,[Tr][W][R],4.0,0.0,4.0,4.0,3,4,1.0,0.0,1.0,1.0,4.0,0.0,4.0,4.0,[Tr][Tr][Tr][Tr][W][W][W][W][R][R][R][R]
161,4.0,0.0,12.0,4.0,20.0,block,3,[Tr][W][R],4.0,0.0,12.0,4.0,3,12,1.0,0.0,1.0,1.0,4.0,0.0,12.0,4.0,[Tr][Tr][Tr][Tr][Tr][Tr][Tr][Tr][Tr][Tr][Tr][Tr][W][W][W][W][R][R][R][R]
162,12.0,0.0,4.0,4.0,20.0,block,3,[Tr][W][R],4.0,0.0,4.0,12.0,3,12,1.0,0.0,1.0,1.0,4.0,0.0,4.0,12.0,[Tr][Tr][Tr][Tr][W][W][W][W][W][W][W][W][W][W][W][W][R][R][R][R]
163,12.0,0.0,12.0,4.0,28.0,block,3,[Tr][W][R],4.0,0.0,12.0,12.0,3,12,1.0,0.0,1.0,1.0,4.0,0.0,12.0,12.0,[Tr][Tr][Tr][Tr][Tr][Tr][Tr][Tr][Tr][Tr][Tr][Tr][W][W][W][W][W][W][W][W][W][W][W][W][R][R][R][R]
164,4.0,0.0,4.0,12.0,20.0,block,3,[Tr][W][R],12.0,0.0,4.0,4.0,3,12,1.0,0.0,1.0,1.0,12.0,0.0,4.0,4.0,[Tr][Tr][Tr][Tr][W][W][W][W][R][R][R][R][R][R][R][R][R][R][R][R]
165,4.0,0.0,12.0,12.0,28.0,block,3,[Tr][W][R],12.0,0.0,12.0,4.0,3,12,1.0,0.0,1.0,1.0,12.0,0.0,12.0,4.0,[Tr][Tr][Tr][Tr][Tr][Tr][Tr][Tr][Tr][Tr][Tr][Tr][W][W][W][W][R][R][R][R][R][R][R][R][R][R][R][R]
166,12.0,0.0,4.0,12.0,28.0,block,3,[Tr][W][R],12.0,0.0,4.0,12.0,3,12,1.0,0.0,1.0,1.0,12.0,0.0,4.0,12.0,[Tr][Tr][Tr][Tr][W][W][W][W][W][W][W][W][W][W][W][W][R][R][R][R][R][R][R][R][R][R][R][R]
167,12.0,0.0,12.0,12.0,36.0,block,3,[Tr][W][R],12.0,0.0,12.0,12.0,3,12,1.0,0.0,1.0,1.0,12.0,0.0,12.0,12.0,[Tr][Tr][Tr][Tr][Tr][Tr][Tr][Tr][Tr][Tr][Tr][Tr][W][W][W][W][W][W][W][W][W][W][W][W][R][R][R][R][R][R][R][R][R][R][R][R]
168,0.0,4.0,8.0,0.0,12.0,block,3,[Tr][Ta][Tr],0.0,4.0,4.0,0.0,2,4,0.0,1.0,2.0,0.0,0.0,4.0,4.0,0.0,[Tr][Tr][Tr][Tr][Ta][Ta][Ta][Ta][Tr][Tr][Tr][Tr]
169,0.0,4.0,16.0,0.0,20.0,block,3,[Tr][Ta][Tr],0.0,4.0,8.0,0.0,2,12,0.0,1.0,2.0,0.0,0.0,4.0,12.0,0.0,[Tr][Tr][Tr][Tr][Tr][Tr][Tr][Tr][Tr][Tr][Tr][Tr][Ta][Ta][Ta][Ta][Tr][Tr][Tr][Tr]
170,0.0,12.0,8.0,0.0,20.0,block,3,[Tr][Ta][Tr],0.0,12.0,4.0,0.0,2,12,0.0,1.0,2.0,0.0,0.0,12.0,4.0,0.0,[Tr][Tr][Tr][Tr][Ta][Ta][Ta][Ta][Ta][Ta][Ta][Ta][Ta][Ta][Ta][Ta][Tr][Tr][Tr][Tr]
171,0.0,12.0,16.0,0.0,28.0,block,3,[Tr][Ta][Tr],0.0,12.0,8.0,0.0,2,12,0.0,1.0,2.0,0.0,0.0,12.0,12.0,0.0,[Tr][Tr][Tr][Tr][Tr][Tr][Tr][Tr][Tr][Tr][Tr][Tr][Ta][Ta][Ta][Ta][Ta][Ta][Ta][Ta][Ta][Ta][Ta][Ta][Tr][Tr][Tr][Tr]
172,0.0,4.0,16.0,0.0,20.0,block,3,[Tr][Ta][Tr],0.0,4.0,8.0,0.0,2,12,0.0,1.0,2.0,0.0,0.0,4.0,12.0,0.0,[Tr][Tr][Tr][Tr][Ta][Ta][Ta][Ta][Tr][Tr][Tr][Tr][Tr][Tr][Tr][Tr][Tr][Tr][Tr][Tr]
173,0.0,4.0,24.0,0.0,28.0,block,3,[Tr][Ta][Tr],0.0,4.0,12.0,0.0,2,12,0.0,1.0,2.0,0.0,0.0,4.0,12.0,0.0,[Tr][Tr][Tr][Tr][Tr][Tr][Tr][Tr][Tr][Tr][Tr][Tr][Ta][Ta][Ta][Ta][Tr][Tr][Tr][Tr][Tr][Tr][Tr][Tr][Tr][Tr][Tr][Tr]
174,0.0,12.0,16.0,0.0,28.0,block,3,[Tr][Ta][Tr],0.0,12.0,8.0,0.0,2,12,0.0,1.0,2.0,0.0,0.0,12.0,12.0,0.0,[Tr][Tr][Tr][Tr][Ta][Ta][Ta][Ta][Ta][Ta][Ta][Ta][Ta][Ta][Ta][Ta][Tr][Tr][Tr][Tr][Tr][Tr][Tr][Tr][Tr][Tr][Tr][Tr]
175,0.0,12.0,24.0,0.0,36.0,block,3,[Tr][Ta][Tr],0.0,12.0,12.0,0.0,2,12,0.0,1.0,2.0,0.0,0.0,12.0,12.0,0.0,[Tr][Tr][Tr][Tr][Tr][Tr][Tr][Tr][Tr][Tr][Tr][Tr][Ta][Ta][Ta][Ta][Ta][Ta][Ta][Ta][Ta][Ta][Ta][Ta][Tr][Tr][Tr][Tr][Tr][Tr][Tr][Tr][Tr][Tr][Tr][Tr]
176,0.0,4.0,4.0,4.0,12.0,block,3,[Tr][Ta][R],4.0,4.0,4.0,0.0,3,4,1.0,1.0,1.0,0.0,4.0,4.0,4.0,0.0,[Tr][Tr][Tr][Tr][Ta][Ta][Ta][Ta][R][R][R][R]
177,0.0,4.0,12.0,4.0,20.0,block,3,[Tr][Ta][R],4.0,4.0,12.0,0.0,3,12,1.0,1.0,1.0,0.0,4.0,4.0,12.0,0.0,[Tr][Tr][Tr][Tr][Tr][Tr][Tr][Tr][Tr][Tr][Tr][Tr][Ta][Ta][Ta][Ta][R][R][R][R]
178,0.0,12.0,4.0,4.0,20.0,block,3,[Tr][Ta][R],4.0,12.0,4.0,0.0,3,12,1.0,1.0,1.0,0.0,4.0,12.0,4.0,0.0,[Tr][Tr][Tr][Tr][Ta][Ta][Ta][Ta][Ta][Ta][Ta][Ta][Ta][Ta][Ta][Ta][R][R][R][R]
179,0.0,12.0,12.0,4.0,28.0,block,3,[Tr][Ta][R],4.0,12.0,12.0,0.0,3,12,1.0,1.0,1.0,0.0,4.0,12.0,12.0,0.0,[Tr][Tr][Tr][Tr][Tr][Tr][Tr][Tr][Tr][Tr][Tr][Tr][Ta][Ta][Ta][Ta][Ta][Ta][Ta][Ta][Ta][Ta][Ta][Ta][R][R][R][R]
180,0.0,4.0,4.0,12.0,20.0,block,3,[Tr][Ta][R],12.0,4.0,4.0,0.0,3,12,1.0,1.0,1.0,0.0,12.0,4.0,4.0,0.0,[Tr][Tr][Tr][Tr][Ta][Ta][Ta][Ta][R][R][R][R][R][R][R][R][R][R][R][R]
181,0.0,4.0,12.0,12.0,28.0,block,3,[Tr][Ta][R],12.0,4.0,12.0,0.0,3,12,1.0,1.0,1.0,0.0,12.0,4.0,12.0,0.0,[Tr][Tr][Tr][Tr][Tr][Tr][Tr][Tr][Tr][Tr][Tr][Tr][Ta][Ta][Ta][Ta][R][R][R][R][R][R][R][R][R][R][R][R]
182,0.0,12.0,4.0,12.0,28.0,block,3,[Tr][Ta][R],12.0,12.0,4.0,0.0,3,12,1.0,1.0,1.0,0.0,12.0,12.0,4.0,0.0,[Tr][Tr][Tr][Tr][Ta][Ta][Ta][Ta][Ta][Ta][Ta][Ta][Ta][Ta][Ta][Ta][R][R][R][R][R][R][R][R][R][R][R][R]
183,0.0,12.0,12.0,12.0,36.0,block,3,[Tr][Ta][R],12.0,12.0,12.0,0.0,3,12,1.0,1.0,1.0,0.0,12.0,12.0,12.0,0.0,[Tr][Tr][Tr][Tr][Tr][Tr][Tr][Tr][Tr][Tr][Tr][Tr][Ta][Ta][Ta][Ta][Ta][Ta][Ta][Ta][Ta][Ta][Ta][Ta][R][R][R][R][R][R][R][R][R][R][R][R]
184,0.0,0.0,8.0,4.0,12.0,block,3,[Tr][R][Tr],4.0,0.0,4.0,0.0,2,4,1.0,0.0,2.0,0.0,4.0,0.0,4.0,0.0,[Tr][Tr][Tr][Tr][R][R][R][R][Tr][Tr][Tr][Tr]
185,0.0,0.0,16.0,4.0,20.0,block,3,[Tr][R][Tr],4.0,0.0,8.0,0.0,2,12,1.0,0.0,2.0,0.0,4.0,0.0,12.0,0.0,[Tr][Tr][Tr][Tr][Tr][Tr][Tr][Tr][Tr][Tr][Tr][Tr][R][R][R][R][Tr][Tr][Tr][Tr]
186,0.0,0.0,8.0,12.0,20.0,block,3,[Tr][R][Tr],12.0,0.0,4.0,0.0,2,12,1.0,0.0,2.0,0.0,12.0,0.0,4.0,0.0,[Tr][Tr][Tr][Tr][R][R][R][R][R][R][R][R][R][R][R][R][Tr][Tr][Tr][Tr]
187,0.0,0.0,16.0,12.0,28.0,block,3,[Tr][R][Tr],12.0,0.0,8.0,0.0,2,12,1.0,0.0,2.0,0.0,12.0,0.0,12.0,0.0,[Tr][Tr][Tr][Tr][Tr][Tr][Tr][Tr][Tr][Tr][Tr][Tr][R][R][R][R][R][R][R][R][R][R][R][R][Tr][Tr][Tr][Tr]
188,0.0,0.0,16.0,4.0,20.0,block,3,[Tr][R][Tr],4.0,0.0,8.0,0.0,2,12,1.0,0.0,2.0,0.0,4.0,0.0,12.0,0.0,[Tr][Tr][Tr][Tr][R][R][R][R][Tr][Tr][Tr][Tr][Tr][Tr][Tr][Tr][Tr][Tr][Tr][Tr]
189,0.0,0.0,24.0,4.0,28.0,block,3,[Tr][R][Tr],4.0,0.0,12.0,0.0,2,12,1.0,0.0,2.0,0.0,4.0,0.0,12.0,0.0,[Tr][Tr][Tr][Tr][Tr][Tr][Tr][Tr][Tr][Tr][Tr][Tr][R][R][R][R][Tr][Tr][Tr][Tr][Tr][Tr][Tr][Tr][Tr][Tr][Tr][Tr]
190,0.0,0.0,16.0,12.0,28.0,block,3,[Tr][R][Tr],12.0,0.0,8.0,0.0,2,12,1.0,0.0,2.0,0.0,12.0,0.0,12.0,0.0,[Tr][Tr][Tr][Tr][R][R][R][R][R][R][R][R][R][R][R][R][Tr][Tr][Tr][Tr][Tr][Tr][Tr][Tr][Tr][Tr][Tr][Tr]
191,0.0,0.0,24.0,12.0,36.0,block,3,[Tr][R][Tr],12.0,0.0,12.0,0.0,2,12,1.0,0.0,2.0,0.0,12.0,0.0,12.0,0.0,[Tr][Tr][Tr][Tr][Tr][Tr][Tr][Tr][Tr][Tr][Tr][Tr][R][R][R][R][R][R][R][R][R][R][R][R][Tr][Tr][Tr][Tr][Tr][Tr][Tr][Tr][Tr][Tr][Tr][Tr]
192,4.0,0.0,0.0,8.0,12.0,block,3,[R][W][R],4.0,0.0,0.0,4.0,2,4,2.0,0.0,0.0,1.0,4.0,0.0,0.0,4.0,[R][R][R][R][W][W][W][W][R][R][R][R]
193,4.0,0.0,0.0,16.0,20.0,block,3,[R][W][R],8.0,0.0,0.0,4.0,2,12,2.0,0.0,0.0,1.0,12.0,0.0,0.0,4.0,[R][R][R][R][R][R][R][R][R][R][R][R][W][W][W][W][R][R][R][R]
194,12.0,0.0,0.0,8.0,20.0,block,3,[R][W][R],4.0,0.0,0.0,12.0,2,12,2.0,0.0,0.0,1.0,4.0,0.0,0.0,12.0,[R][R][R][R][W][W][W][W][W][W][W][W][W][W][W][W][R][R][R][R]
195,12.0,0.0,0.0,16.0,28.0,block,3,[R][W][R],8.0,0.0,0.0,12.0,2,12,2.0,0.0,0.0,1.0,12.0,0.0,0.0,12.0,[R][R][R][R][R][R][R][R][R][R][R][R][W][W][W][W][W][W][W][W][W][W][W][W][R][R][R][R]
196,4.0,0.0,0.0,16.0,20.0,block,3,[R][W][R],8.0,0.0,0.0,4.0,2,12,2.0,0.0,0.0,1.0,12.0,0.0,0.0,4.0,[R][R][R][R][W][W][W][W][R][R][R][R][R][R][R][R][R][R][R][R]
197,4.0,0.0,0.0,24.0,28.0,block,3,[R][W][R],12.0,0.0,0.0,4.0,2,12,2.0,0.0,0.0,1.0,12.0,0.0,0.0,4.0,[R][R][R][R][R][R][R][R][R][R][R][R][W][W][W][W][R][R][R][R][R][R][R][R][R][R][R][R]
198,12.0,0.0,0.0,16.0,28.0,block,3,[R][W][R],8.0,0.0,0.0,12.0,2,12,2.0,0.0,0.0,1.0,12.0,0.0,0.0,12.0,[R][R][R][R][W][W][W][W][W][W][W][W][W][W][W][W][R][R][R][R][R][R][R][R][R][R][R][R]
199,12.0,0.0,0.0,24.0,36.0,block,3,[R][W][R],12.0,0.0,0.0,12.0,2,12,2.0,0.0,0.0,1.0,12.0,0.0,0.0,12.0,[R][R][R][R][R][R][R][R][R][R][R][R][W][W][W][W][W][W][W][W][W][W][W][W][R][R][R][R][R][R][R][R][R][R][R][R]
200,0.0,4.0,0.0,8.0,12.0,block,3,[R][Ta][R],4.0,4.0,0.0,0.0,2,4,2.0,1.0,0.0,0.0,4.0,4.0,0.0,0.0,[R][R][R][R][Ta][Ta][Ta][Ta][R][R][R][R]
201,0.0,4.0,0.0,16.0,20.0,block,3,[R][Ta][R],8.0,4.0,0.0,0.0,2,12,2.0,1.0,0.0,0.0,12.0,4.0,0.0,0.0,[R][R][R][R][R][R][R][R][R][R][R][R][Ta][Ta][Ta][Ta][R][R][R][R]
202,0.0,12.0,0.0,8.0,20.0,block,3,[R][Ta][R],4.0,12.0,0.0,0.0,2,12,2.0,1.0,0.0,0.0,4.0,12.0,0.0,0.0,[R][R][R][R][Ta][Ta][Ta][Ta][Ta][Ta][Ta][Ta][Ta][Ta][Ta][Ta][R][R][R][R]
203,0.0,12.0,0.0,16.0,28.0,block,3,[R][Ta][R],8.0,12.0,0.0,0.0,2,12,2.0,1.0,0.0,0.0,12.0,12.0,0.0,0.0,[R][R][R][R][R][R][R][R][R][R][R][R][Ta][Ta][Ta][Ta][Ta][Ta][Ta][Ta][Ta][Ta][Ta][Ta][R][R][R][R]
204,0.0,4.0,0.0,16.0,20.0,block,3,[R][Ta][R],8.0,4.0,0.0,0.0,2,12,2.0,1.0,0.0,0.0,12.0,4.0,0.0,0.0,[R][R][R][R][Ta][Ta][Ta][Ta][R][R][R][R][R][R][R][R][R][R][R][R]
205,0.0,4.0,0.0,24.0,28.0,block,3,[R][Ta][R],12.0,4.0,0.0,0.0,2,12,2.0,1.0,0.0,0.0,12.0,4.0,0.0,0.0,[R][R][R][R][R][R][R][R][R][R][R][R][Ta][Ta][Ta][Ta][R][R][R][R][R][R][R][R][R][R][R][R]
206,0.0,12.0,0.0,16.0,28.0,block,3,[R][Ta][R],8.0,12.0,0.0,0.0,2,12,2.0,1.0,0.0,0.0,12.0,12.0,0.0,0.0,[R][R][R][R][Ta][Ta][Ta][Ta][Ta][Ta][Ta][Ta][Ta][Ta][Ta][Ta][R][R][R][R][R][R][R][R][R][R][R][R]
207,0.0,12.0,0.0,24.0,36.0,block,3,[R][Ta][R],12.0,12.0,0.0,0.0,2,12,2.0,1.0,0.0,0.0,12.0,12.0,0.0,0.0,[R][R][R][R][R][R][R][R][R][R][R][R][Ta][Ta][Ta][Ta][Ta][Ta][Ta][Ta][Ta][Ta][Ta][Ta][R][R][R][R][R][R][R][R][R][R][R][R]
208,0.0,0.0,4.0,8.0,12.0,block,3,[R][Tr][R],4.0,0.0,4.0,0.0,2,4,2.0,0.0,1.0,0.0,4.0,0.0,4.0,0.0,[R][R][R][R][Tr][Tr][Tr][Tr][R][R][R][R]
209,0.0,0.0,4.0,16.0,20.0,block,3,[R][Tr][R],8.0,0.0,4.0,0.0,2,12,2.0,0.0,1.0,0.0,12.0,0.0,4.0,0.0,[R][R][R][R][R][R][R][R][R][R][R][R][Tr][Tr][Tr][Tr][R][R][R][R]
210,0.0,0.0,12.0,8.0,20.0,block,3,[R][Tr][R],4.0,0.0,12.0,0.0,2,12,2.0,0.0,1.0,0.0,4.0,0.0,12.0,0.0,[R][R][R][R][Tr][Tr][Tr][Tr][Tr][Tr][Tr][Tr][Tr][Tr][Tr][Tr][R][R][R][R]
211,0.0,0.0,12.0,16.0,28.0,block,3,[R][Tr][R],8.0,0.0,12.0,0.0,2,12,2.0,0.0,1.0,0.0,12.0,0.0,12.0,0.0,[R][R][R][R][R][R][R][R][R][R][R][R][Tr][Tr][Tr][Tr][Tr][Tr][Tr][Tr][Tr][Tr][Tr][Tr][R][R][R][R]
212,0.0,0.0,4.0,16.0,20.0,block,3,[R][Tr][R],8.0,0.0,4.0,0.0,2,12,2.0,0.0,1.0,0.0,12.0,0.0,4.0,0.0,[R][R][R][R][Tr][Tr][Tr][Tr][R][R][R][R][R][R][R][R][R][R][R][R]
213,0.0,0.0,4.0,24.0,28.0,block,3,[R][Tr][R],12.0,0.0,4.0,0.0,2,12,2.0,0.0,1.0,0.0,12.0,0.0,4.0,0.0,[R][R][R][R][R][R][R][R][R][R][R][R][Tr][Tr][Tr][Tr][R][R][R][R][R][R][R][R][R][R][R][R]
214,0.0,0.0,12.0,16.0,28.0,block,3,[R][Tr][R],8.0,0.0,12.0,0.0,2,12,2.0,0.0,1.0,0.0,12.0,0.0,12.0,0.0,[R][R][R][R][Tr][Tr][Tr][Tr][Tr][Tr][Tr][Tr][Tr][Tr][Tr][Tr][R][R][R][R][R][R][R][R][R][R][R][R]
215,0.0,0.0,12.0,24.0,36.0,block,3,[R][Tr][R],12.0,0.0,12.0,0.0,2,12,2.0,0.0,1.0,0.0,12.0,0.0,12.0,0.0,[R][R][R][R][R][R][R][R][R][R][R][R][Tr][Tr][Tr][Tr][Tr][Tr][Tr][Tr][Tr][Tr][Tr][Tr][R][R][R][R][R][R][R][R][R][R][R][R]
